Image_Name	Label
I02ODB05FS_1.png	1
I03L0VNSAL_1.png	1
I04KXTCQYF_1.png	1
I08GWQZERV_1.png	1
I0OEER4H0M_1.png	1
I0YR6AJJZE_1.png	1
I110F1156G_1.png	1
I19JGELCUJ_1.png	1
I1IQLDPVLQ_1.png	1
I1J1LSZOX1_1.png	1
I1NABG0I0S_1.png	1
I1WRA7A050_1.png	1
I1Z3D2MZA3_1.png	1
I1Z6THF1VL_1.png	1
I21SJ5RJ0N_1.png	1
I23O4ZJC27_1.png	1
I24FL0J9P2_1.png	1
I2B2RYCX6C_1.png	1
I2HJIZB0BM_1.png	1
I2INP4OSXL_1.png	1
I2KZWT2YZW_1.png	1
I2NCRRT475_1.png	1
I2XBHSD28C_1.png	1
I2YDQNBPCD_1.png	1
I2YIZFUY86_1.png	1
I2YPL66OCG_1.png	1
I358Q60164_1.png	1
I3657FECU4_1.png	1
I399VSNCF4_1.png	1
I3BDJF0W3V_1.png	1
I3CT3TJ0UA_1.png	1
I3ENJ1EYNU_1.png	1
I3L6CFHG2N_1.png	1
I3N35VN5W5_1.png	1
I3Q6VLZHGY_1.png	1
I3TGJVKOYW_1.png	1
I3XYPL5GMO_1.png	1
I3Z0QW61SM_1.png	1
I4130UE7JD_1.png	1
I49M3QIMQH_1.png	1
I4ABBL9DUT_1.png	1
I4J6Z41WYN_1.png	1
I4JIA1EKER_1.png	1
I4OTM5OW5Q_1.png	1
I4PD0Q5YGK_1.png	1
I4QPZ7E20Y_1.png	1
I4V2NZC8U4_1.png	1
I4YMCAJAKR_1.png	1
I55MCUK9F9_1.png	1
I5BTLNQQJ2_1.png	1
I5F3W95J51_1.png	1
I5MPQJ3Y8G_1.png	1
I5WCOJEYBR_1.png	1
I5XJWS2OFO_1.png	1
I5ZU1SKATF_1.png	1
I64O5978RD_1.png	1
I6A146F4H5_1.png	1
I6T4UKDHHN_1.png	1
I71MPT3P7H_1.png	1
I77F3IAUH2_1.png	1
I7A2SVPWUP_1.png	1
I7B2XCKKZP_1.png	1
I7FF0B0G09_1.png	1
I7FX041HT0_1.png	1
I7H0UZWY4E_1.png	1
I7L5YOPGJ9_1.png	1
I7L80Q09FY_1.png	1
I7MYSLW3TB_1.png	1
I7R9V7RJA7_1.png	1
I7UGXYPYXI_1.png	1
I7V9WDRDI2_1.png	1
I7VAICDBU9_1.png	1
I84NEX1M9Z_1.png	1
I8A35WGCTC_1.png	1
I8J78BEHMI_1.png	1
I8L0GGSSX9_1.png	1
I8O2GL0FTN_1.png	1
I8R8741L3L_1.png	1
I8V5SPLBJF_1.png	1
I8VLGIBXJR_1.png	1
I94AXBGUZD_1.png	1
I9AM1P88A4_1.png	1
I9EAUKQNBL_1.png	1
I9N2DWPLJS_1.png	1
IA07UZULU6_1.png	1
IA2F7H1GXF_1.png	1
IA4T9H8YZI_1.png	1
IA69L7U78F_1.png	1
IAE7E7GRSV_1.png	1
IAGJ7ZMJBK_1.png	1
IAHMBTX6CY_1.png	1
IANBP54JFC_1.png	1
IAPHT35CPV_1.png	1
IASZAX5N0J_1.png	1
IAVYP91ZM6_1.png	1
IAY63OPT2K_1.png	1
IBBOOE64ZC_1.png	1
IBC2JWAGNL_1.png	1
IBFE7XS4HE_1.png	1
IBGV0XIACA_1.png	1
IBK1617S8Y_1.png	1
IBMHW55RXA_1.png	1
IBWA3XJ1EE_1.png	1
IBXYHVWA9O_1.png	1
IC6W12LTTO_1.png	1
ICEDZ0XJQX_1.png	1
ICFMDNUDH0_1.png	1
ICHOKAYMTM_1.png	1
ICKODXJ7F3_1.png	1
ICKPVIUU8N_1.png	1
ICLJTMBHFB_1.png	1
ICQBWD15YD_1.png	1
ID02VOD04U_1.png	1
IDJE09653F_1.png	1
IDVD83OXX0_1.png	1
IE08GXMYR2_1.png	1
IE1SBY9FXU_1.png	1
IE64P8P9QX_1.png	1
IE9QVYBXCV_1.png	1
IEGHW6LZEX_1.png	1
IEL12MDYKQ_1.png	1
IEMVK330V4_1.png	1
IESWA3RAB9_1.png	1
IET1QG88M2_1.png	1
IEYX5ERTJ6_1.png	1
IF0F0RH210_1.png	1
IF3S64XFFJ_1.png	1
IF4QV5YRPO_1.png	1
IF7A70M6ZN_1.png	1
IFEADQKSZA_1.png	1
IFK9D8V735_1.png	1
IFKJOUEW2C_1.png	1
IFKZF7XXZR_1.png	1
IFMFGPO1L7_1.png	1
IFSJEJI4KJ_1.png	1
IFUWLBNKDD_1.png	1
IFVDC0BZEU_1.png	1
IFWNUGZHBF_1.png	1
IFWSNBBE5I_1.png	1
IG06S6PKGE_1.png	1
IG1P6I9HWF_1.png	1
IG1TV9JVI9_1.png	1
IG5PIYPTG9_1.png	1
IG74MRBIBS_1.png	1
IGAJ9HGQRN_1.png	1
IGIDNJ21R0_1.png	1
IGNICS64IR_1.png	1
IGTE5PPO5L_1.png	1
IGUS2Q5WZG_1.png	1
IGUWG3D7JW_1.png	1
IH11SE8ROX_1.png	1
IH3M5PGEP5_1.png	1
IH5G65LOTL_1.png	1
IH8EOQKIUO_1.png	1
IHF0N281FL_1.png	1
IHFLFG8S9E_1.png	1
IHSX6CTF77_1.png	1
IHX417ZNXO_1.png	1
II0A8PJBK2_1.png	1
II2KHICDGS_1.png	1
II30AUZAV4_1.png	1
IIABQQBECH_1.png	1
IIDPD6HB9G_1.png	1
IIESUN4NUM_1.png	1
IIFQC0HGO4_1.png	1
IIG9J2ASRA_1.png	1
IIRIFQ2YYI_1.png	1
IITOXQKWF8_1.png	1
IIXPFN8ZBP_1.png	1
IJ2U6SYVFE_1.png	1
IJ5RMI0AAC_1.png	1
IJ6LWW86TN_1.png	1
IJ85GO76RF_1.png	1
IJ8QPHLNWA_1.png	1
IJAG7X1LIS_1.png	1
IJD3SD26QI_1.png	1
IJMD2X8FJW_1.png	1
IJT4AY0ZXP_1.png	1
IK8C1RPY1Z_1.png	1
IKA4EI4M1E_1.png	1
IKDNJTTBCE_1.png	1
IKG3RG7PAR_1.png	1
IKT0MFD37D_1.png	1
IKU3I9GXIZ_1.png	1
IL5W4FL9IB_1.png	1
IL99A9SL0X_1.png	1
ILBO9VZ4V0_1.png	1
ILJT4NCQC8_1.png	1
ILPZGWJDS8_1.png	1
ILTYXDIU4X_1.png	1
ILXNBN4SZJ_1.png	1
IM07BM39DV_1.png	1
IM6230VL4F_1.png	1
IMFUGARCRU_1.png	1
IMT1F9IHGM_1.png	1
IMVUTLOC43_1.png	1
IMZTDGOZ51_1.png	1
INA02LMZ8O_1.png	1
INBJ9YF1ZE_1.png	1
INJ11AFCRZ_1.png	1
INNMRW707S_1.png	1
INS8MQFWUV_1.png	1
INUUB8GQ89_1.png	1
INYWQMG11D_1.png	1
IO695Y0D56_1.png	1
IO79J5PPPM_1.png	1
IOD8BSFVNV_1.png	1
IODHG2VJW9_1.png	1
IOF1CIOYEX_1.png	1
IOF2E8NJ83_1.png	1
IOG7KIB0LY_1.png	1
IOHGS9GA4L_1.png	1
IOHTQMXDJQ_1.png	1
IP3HQGUVDR_1.png	1
IP5LJJBBFT_1.png	1
IP770O4BE6_1.png	1
IP82LC1P09_1.png	1
IPG5XL8V1W_1.png	1
IPMDGC2323_1.png	1
IPOAYX7IGC_1.png	1
IPOC03532Y_1.png	1
IPX1OTZH2O_1.png	1
IPZYVY1S9R_1.png	1
IQ00NFZ4ZA_1.png	1
IQ66GCPQPD_1.png	1
IQCRJF8VOX_1.png	1
IQDOS9XPJ2_1.png	1
IQHML3B6OF_1.png	1
IQO84J46I6_1.png	1
IQR6600MH6_1.png	1
IQVDC2DOER_1.png	1
IQXA6T6IO3_1.png	1
IQYSF8EZC5_1.png	1
IR3A97R3ID_1.png	1
IR5YZ2X2D9_1.png	1
IRA6ICZ1KN_1.png	1
IRDIPPDITA_1.png	1
IRDSIDBS6T_1.png	1
IRDSLQP6DH_1.png	1
IRH1JSBBQY_1.png	1
IRLU4ODITP_1.png	1
IROV590HX6_1.png	1
IRQV6SG70M_1.png	1
IRSIETBJ8P_1.png	1
IRSPUHLQJN_1.png	1
IRSY5EABRS_1.png	1
IRUUADJ0Q6_1.png	1
IRUZ6Y99BK_1.png	1
IS3OZV95LU_1.png	1
IS3RTDJR95_1.png	1
IS6XO0147T_1.png	1
IS74TJWV74_1.png	1
IS7B6VE5QF_1.png	1
ISC3OCSFHS_1.png	1
ISEZ0T5SZ1_1.png	1
ISLRLBWBL2_1.png	1
ISMTAB6H72_1.png	1
ISNMJ75NH8_1.png	1
ISOHQ6AJOU_1.png	1
ISVOHORIQS_1.png	1
IT359UO3KX_1.png	1
IT3EDNKQJV_1.png	1
IT4D88TE3A_1.png	1
IT86281S8C_1.png	1
IT8V835GCO_1.png	1
ITAEEPW8PB_1.png	1
ITDG5V0U9Y_1.png	1
ITKRACZQ70_1.png	1
ITLKYCJ2IT_1.png	1
ITQPA4VNWD_1.png	1
ITZX6IM56S_1.png	1
IU0ZZ3TCBS_1.png	1
IU1GGGMARH_1.png	1
IU97LNXT4G_1.png	1
IUAIR73E0E_1.png	1
IUDNGDNXXY_1.png	1
IUJ2QIOGTG_1.png	1
IUMOZ1PP08_1.png	1
IUO1856RYP_1.png	1
IV0D7BVKXG_1.png	1
IV1594HWD2_1.png	1
IV1JZN3XCT_1.png	1
IVA1CHZHQO_1.png	1
IVJUBRUNKK_1.png	1
IW3QN78FF7_1.png	1
IW3TTT5130_1.png	1
IW5T11SAJ2_1.png	1
IW6EHCLQ5S_1.png	1
IW8C31O02S_1.png	1
IW98A8ATYM_1.png	1
IWH1KQMYHQ_1.png	1
IWLZIIREMW_1.png	1
IWP4ID4326_1.png	1
IWPG7SKQTU_1.png	1
IWV57VN7BZ_1.png	1
IWW8XGAFIG_1.png	1
IX0FLY49KR_1.png	1
IX3862DFLY_1.png	1
IX4HR9AEME_1.png	1
IXBZ05AGBE_1.png	1
IXFFVV5FP4_1.png	1
IXHFNT7BQF_1.png	1
IXL39ZSDRW_1.png	1
IXLAWK2A2W_1.png	1
IXLLO31QY3_1.png	1
IXP8JNU93V_1.png	1
IY02RML6PR_1.png	1
IY0BLAA7CS_1.png	1
IY0H2XNOQ2_1.png	1
IY7CMGU3L2_1.png	1
IYFMBWQPRC_1.png	1
IYH3P5469Q_1.png	1
IYK22ZI281_1.png	1
IYNRBSU77F_1.png	1
IYOXLGE6W0_1.png	1
IYQ40HXQGM_1.png	1
IZ60RM9O2H_1.png	1
IZ65RQ86WO_1.png	1
IZ9WBR95NS_1.png	1
IZMZ112UAK_1.png	1
IZQVBAMP3X_1.png	1
IZRBVKU550_1.png	1
IZRBVKU550_2.png	1
J01X8BEG9J_1.png	1
J03CMY1VNH_1.png	1
J06W8MLH8E_1.png	1
J079QUVVX5_1.png	1
J0HG3WJO2I_1.png	1
J0PC5YXZ8M_1.png	1
J0PDLX4ZR2_1.png	1
J0URX6UBHC_1.png	1
J158M7J39D_1.png	1
J15VWO6CRW_1.png	1
J1B1TTFU93_1.png	1
J1CPUMJQ7F_1.png	1
J1FQUAWWKU_1.png	1
J1J7KIABQC_1.png	1
J1JNDFDNE3_1.png	1
J1NM3V6T85_1.png	1
J1O1LFBF98_1.png	1
J1SYCGDXZ4_1.png	1
J2BP3VIUGG_1.png	1
J2E6HP34C0_1.png	1
J2I6Q63AEC_1.png	1
J2MBIMS0L7_1.png	1
J2Q1IUSPM8_1.png	1
J2Q37TW2UM_1.png	1
J2T31MYHIA_1.png	1
J2UMP9OZ06_1.png	1
J2W314DL0L_1.png	1
J2XZRDMMCP_1.png	1
J2ZBIW7MO5_1.png	1
J38C43FPB7_1.png	1
J38ZZ01ZC4_1.png	1
J390KRDAV5_1.png	1
J3B7TFMCED_1.png	1
J3DU7E7XQW_1.png	1
J3LZXGE9WV_1.png	1
J3P10MMVGR_1.png	1
J3XCTXU8B1_1.png	1
J4BVGLGHU1_1.png	1
J4D7V1UMD4_1.png	1
J4EHFMDBTK_1.png	1
J4JPJCD8J2_1.png	1
J4M0RC4IQS_1.png	1
J4OWV95ODS_1.png	1
J4VZE9WKM0_1.png	1
J4XP6RTXPB_1.png	1
J50GZ89XMD_1.png	1
J51QT54STK_1.png	1
J53OQOECPJ_1.png	1
J56WUAGW87_1.png	1
J5IZTUBOP2_1.png	1
J5KSDS6PEH_1.png	1
J5URWGXAKK_1.png	1
J5VEPQFCH4_1.png	1
J5XZEVFFJS_1.png	1
J5YXT7SM9C_1.png	1
J64YWKSIXR_1.png	1
J662MOMVG3_1.png	1
J67QSHBQ54_1.png	1
J68XN4YK8X_1.png	1
J6B0X14T6U_1.png	1
J6HPR7ZB0A_1.png	1
J6PH63CN6X_1.png	1
J6W95XRA0J_1.png	1
J75AUBDBEZ_1.png	1
J76HJWT1UP_1.png	1
J79VGZ6XWV_1.png	1
J7BTECG43R_1.png	1
J7EPW1T2AI_1.png	1
J7FJZO4TG8_1.png	1
J7LR3FT4BB_1.png	1
J7NF2L5VN3_1.png	1
J7R61ERQHG_1.png	1
J7V94IL9B9_1.png	1
J83PYHT8TC_1.png	1
J8968BRCUF_1.png	1
J8B7UST6OH_1.png	1
J8CBGKZPT3_1.png	1
J8EAN9D428_1.png	1
J8FDOMKH92_1.png	1
J8IF5CS5N2_1.png	1
J8Q4LIJH0U_1.png	1
J8RGHYEUG5_1.png	1
J8WZ7GXC81_1.png	1
J9DVL969T4_1.png	1
JA0FXL5VFQ_1.png	1
JA58AW96WF_1.png	1
JA8JKM36O7_1.png	1
JAHUD96R62_1.png	1
JAQPC4PJH0_1.png	1
JB0W2K66GF_1.png	1
JB8W8H8B3I_1.png	1
JBP0NTLSIZ_1.png	1
JBP2QBMTS7_1.png	1
JBP470393V_1.png	1
JBPBD31QGS_1.png	1
JBYJEAVL6T_1.png	1
JBZO4RXXME_1.png	1
JC05IU14Z0_1.png	1
JC0QUBWPLL_1.png	1
JC4DEWWWUL_1.png	1
JC8IG76AOS_1.png	1
JCAAI3JLNA_1.png	1
JCB2B53PY1_1.png	1
JCGTXNTAD4_1.png	1
JCOQA5XQAH_1.png	1
JCQE2U4ENL_1.png	1
JCU0344S40_1.png	1
JCX46CZQRS_1.png	1
JD0FD3Q8F6_1.png	1
JDB3YBARUK_1.png	1
JDBEWO6T48_1.png	1
JDPYH00EOK_1.png	1
JDTR512H0H_1.png	1
JEDJ84L461_1.png	1
JEIMLSA8W7_1.png	1
JEM7LR0YR4_1.png	1
JEO60IK8TW_1.png	1
JETZ7IPT0C_1.png	1
JF3HKGDX2R_1.png	1
JFBE1DAUCF_1.png	1
JFGBQM5UKD_1.png	1
JFJRVEVDRD_1.png	1
JFLABB08JX_1.png	1
JFLZBECXZZ_1.png	1
JFTOKIGQHH_1.png	1
JG966M9B8L_1.png	1
JGEXIYJ0IK_1.png	1
JGFF74TSXP_1.png	1
JGHT8RHYJL_1.png	1
JGK08DXZOI_1.png	1
JGO9OBFE4C_1.png	1
JGQ1NVUZ9M_1.png	1
JGU4G21EKN_1.png	1
JGUGCOCIKN_1.png	1
JGVE2IKQL3_1.png	1
JGX6CAS5ZC_1.png	1
JH451KZFQ6_1.png	1
JH7Y9HE9KH_1.png	1
JH82NN7PEN_1.png	1
JHIADQ4ENF_1.png	1
JHIESWUR7X_1.png	1
JHQLNW4S68_1.png	1
JHQONJ6N0D_1.png	1
JHWK5GPP8Q_1.png	1
JHXWJPOFZF_1.png	1
JHZ4M30AM7_1.png	1
JI1GTALFBL_1.png	1
JI4O7NG2Q2_1.png	1
JI7DWJA183_1.png	1
JIJ7GDO8D3_1.png	1
JIK9KI66UW_1.png	1
JIV7OVQDX2_1.png	1
JJC3OZS0R6_1.png	1
JJL1UQ2A6A_1.png	1
JJWOORDQ5N_1.png	1
JK563O8PCX_1.png	1
JK5RBLTMY9_1.png	1
JK8W2JENGU_1.png	1
JKEXWFM0DA_1.png	1
JKIOQE8ZMW_1.png	1
JKIPFRWTSH_1.png	1
JKJV6M7X30_1.png	1
JKKE4L1ZQI_1.png	1
JKMHYQYOVJ_1.png	1
JKP74N79SQ_1.png	1
JKTG2NT1ZI_1.png	1
JLDB95P9B7_1.png	1
JLU1P052M5_1.png	1
JLXHDJOA1R_1.png	1
JLXIG4REM2_1.png	1
JMASHVYM3A_1.png	1
JMIX7Z7FXL_1.png	1
JMKF4SSR8Z_1.png	1
JMOPDBMBHC_1.png	1
JN63R0TMER_1.png	1
JN75MPY3ZB_1.png	1
JNDYW7I482_1.png	1
JNJ9GE8EBJ_1.png	1
JNK34HMBRT_1.png	1
JNKMARB7ES_1.png	1
JNVV1W0PEV_1.png	1
JNZ05HXOMK_1.png	1
JO1LSEUI7B_1.png	1
JO9B7EBS8C_1.png	1
JOCDGR0FTH_1.png	1
JOEIOE78JG_1.png	1
JOG07VCEAX_1.png	1
JOIV4EN609_1.png	1
JOJB2KX4YL_1.png	1
JOJOMHSVV2_1.png	1
JOK2I0OWK8_1.png	1
JOOACQJMOV_1.png	1
JOT7S66VHC_1.png	1
JP08LIJZVK_1.png	1
JP0FR1YE4A_1.png	1
JP2T0F1DLM_1.png	1
JP4KBGA3J7_1.png	1
JPE60V11OQ_1.png	1
JPGFXRQVUY_1.png	1
JPPZ6HIDJJ_1.png	1
JPWOAZELIH_1.png	1
JQGTSYHND7_1.png	1
JQHQVTDVCC_1.png	1
JQIOE0BS4W_1.png	1
JQL7JO7H5J_1.png	1
JQMI0OI4XF_1.png	1
JQVL0DDFXX_1.png	1
JR0LD2822Z_1.png	1
JR4PFVFALO_1.png	1
JRB9T37TIS_1.png	1
JRI141UZHV_1.png	1
JRNU7CW9FS_1.png	1
JRVV7VDF86_1.png	1
JS508WLW0S_1.png	1
JSC7GZXI71_1.png	1
JSD47UFMSA_1.png	1
JSING1EQVD_1.png	1
JSK3UTMZQ6_1.png	1
JSM72Z5PGJ_1.png	1
JSMNYCJ0CS_1.png	1
JSVBD52Q0V_1.png	1
JT636ICXMS_1.png	1
JT6MH5BKCU_1.png	1
JTAZD5MKZQ_1.png	1
JTJPLJ88GV_1.png	1
JU181NCA3B_1.png	1
JU20CWXY2Q_1.png	1
JU265HFUH5_1.png	1
JUG6F7VNL2_1.png	1
JUHE4CFMRG_1.png	1
JUU2I64UMI_1.png	1
JUZ8OW9JZW_1.png	1
JUZEPPZY5Z_1.png	1
JV0HMQNM5Y_1.png	1
JVCG4854TH_1.png	1
JVCN5SLL7A_1.png	1
JVN6TXUOQO_1.png	1
JVS5YLRLSX_1.png	1
JVWG4SRRU9_1.png	1
JVWX63JCF2_1.png	1
JVXV0T7KSW_1.png	1
JW5TSJS2UK_1.png	1
JWLD94YA8H_1.png	1
JWS4PWT0GE_1.png	1
JWZFPAYLLQ_1.png	1
JX2P519K5K_1.png	1
JXEB34U0LC_1.png	1
JXFI1PNKYJ_1.png	1
JXHE4032OY_1.png	1
JXHPR9BOOX_1.png	1
JXN3IJW1SN_1.png	1
JXO8QHGNE7_1.png	1
JXP5OS4PVW_1.png	1
JXXFJPGV23_1.png	1
JXYTLGDGS0_1.png	1
JY24Q8N42L_1.png	1
JY4QD2N9ZV_1.png	1
JY873QH619_1.png	1
JY8J6UKVCJ_1.png	1
JYEOEAXQH2_1.png	1
JYL0286NVQ_1.png	1
JYNQZFXGAR_1.png	1
JYRY6XSW6S_1.png	1
JYTHG26FLN_1.png	1
JYUI2DDVBK_1.png	1
JYVF3FOBNU_1.png	1
JZ8AGNWKNT_1.png	1
JZS5S4MU4M_1.png	1
JZUD5E5M27_1.png	1
JZUI1CRRE4_1.png	1
K00U454XOM_1.png	1
K04QH4V9CV_1.png	1
K059H8MP0W_1.png	1
K09KTLDNFM_1.png	1
K0G8PHBDCZ_1.png	1
K0HQ53J64N_1.png	1
K0JK6IFCUX_1.png	1
K0PKN01N4G_1.png	1
K0UQCCAUT7_1.png	1
K0WWKXEXNY_1.png	1
K11A8K2C61_1.png	1
K125N86HDD_1.png	1
K14AQV3TFN_1.png	1
K16755G4PU_1.png	1
K1DD2VG05D_1.png	1
K1FZ511502_1.png	1
K1H8CMV11Q_1.png	1
K1Y4YLZOSX_1.png	1
K224BPNAJQ_1.png	1
K25FTS0P7W_1.png	1
K2CVMDNXUK_1.png	1
K2L95Z0JW2_1.png	1
K2RLPZ5E78_1.png	1
K2VKRH6CD6_1.png	1
K2W014VZ7K_1.png	1
K30L44QEY6_1.png	1
K30VRUVNDJ_1.png	1
K37TJ4JO9O_1.png	1
K3BWZA99VO_1.png	1
K3JAPVCL6A_1.png	1
K3V5FXIZBU_1.png	1
K3VYLXIHEH_1.png	1
K4765E7XQX_1.png	1
K4962VF4GQ_1.png	1
K4F1IRJX97_1.png	1
K4GHO8E55N_1.png	1
K4GJB6N9LB_1.png	1
K4JEQDT57R_1.png	1
K4JMEGUMQK_1.png	1
K4JP86EQRU_1.png	1
K4OEF8UI81_1.png	1
K4X6LK950K_1.png	1
K55W7ASLIV_1.png	1
K5C49RQ1RR_1.png	1
K5KPSV983S_1.png	1
K5NQ5ZXXW7_1.png	1
K5U11FR826_1.png	1
K5VBW1IM9T_1.png	1
K62053204K_1.png	1
K623I26TS4_1.png	1
K62JJDJWEU_1.png	1
K672CO0R4B_1.png	1
K6DMO74LAU_1.png	1
K6N7XKINUT_1.png	1
K6O9AZYP18_1.png	1
K6V073INJW_1.png	1
K77OR47YAD_1.png	1
K7NRQQYF0D_1.png	1
K7ULMUIU8Q_1.png	1
K7YWMZYX7R_1.png	1
K82N73N38P_1.png	1
K831RADQJD_1.png	1
K84NP8AHXZ_1.png	1
K85ANCE0Z3_1.png	1
K8BCE6C362_1.png	1
K8DEANVYJO_1.png	1
K8F4KKNDFW_1.png	1
K8FK74SFOP_1.png	1
K8TADJWRCA_1.png	1
K91CW3Z170_1.png	1
K96WPOO01S_1.png	1
K9EGCX72RR_1.png	1
K9U86TCVRR_1.png	1
K9VTA15B4W_1.png	1
K9Y57K10LQ_1.png	1
K9Z51KLBLO_1.png	1
KA38V463VC_1.png	1
KAHUO4LBBH_1.png	1
KAHZ4LF55S_1.png	1
KAL6DHQLGY_1.png	1
KAQY84DBB3_1.png	1
KATUL74C4L_1.png	1
KB1ML5ADA3_1.png	1
KB3NFFQPSY_1.png	1
KB84UX6WT1_1.png	1
KBEW8TKSWI_1.png	1
KBTDBKWN4G_1.png	1
KBTT1E0UR0_1.png	1
KBVGDGYL33_1.png	1
KC5ORRE2BM_1.png	1
KC81XMWK1L_1.png	1
KCI03XUUK0_1.png	1
KCKMHT6BH3_1.png	1
KCRHGBK24U_1.png	1
KCRMBPWU6R_1.png	1
KCUQ3UVQ9D_1.png	1
KD2OQWZOJ1_1.png	1
KD5HZA3G7X_1.png	1
KD6750EZ64_1.png	1
KD6VUWHRCV_1.png	1
KDB4GESUV6_1.png	1
KDB97LN4TP_1.png	1
KDET0HWEXA_1.png	1
KDETAAUJDI_1.png	1
KDJ37T8G59_1.png	1
KDMJI2FP6I_1.png	1
KDRL60H5L6_1.png	1
KDYKZ55KRN_1.png	1
KE03VON7S5_1.png	1
KE25S0FC57_1.png	1
KEZGAME4JX_1.png	1
KF1G7L9N5B_1.png	1
KF2RYDR2BY_1.png	1
KF5VJOUPJ4_1.png	1
KF8NON8AA8_1.png	1
KFAHZCFP8N_1.png	1
KFNLJL0IJM_1.png	1
KFO06EKTYX_1.png	1
KFQN38W44T_1.png	1
KFX9G80AU7_1.png	1
KFZWTIPKHA_1.png	1
KG0VAJRV88_1.png	1
KG3CPVENED_1.png	1
KGCEL5SDLS_1.png	1
KGXX3X3DCP_1.png	1
KH21IQ5N7V_1.png	1
KH3I5ONGLE_1.png	1
KHCHXZ5DEM_1.png	1
KHF831KA2F_1.png	1
KHJ7TV8PVG_1.png	1
KHJMWNVCTH_1.png	1
KHJTNREQOQ_1.png	1
KHKVBA3DXD_1.png	1
KHU9KYL8YW_1.png	1
KI1C5MT3B5_1.png	1
KI7EIP9JZ3_1.png	1
KIE6HI2PNW_1.png	1
KIH7I08O5C_1.png	1
KIH90SX078_1.png	1
KILI6UHSWR_1.png	1
KIQBWJV6LC_1.png	1
KITJA73BDV_1.png	1
KIUHPF9SFQ_1.png	1
KJ36BQZZ37_1.png	1
KJ6WIH042L_1.png	1
KJ7MZMGZGO_1.png	1
KJDA0JZINU_1.png	1
KJE7M0Q25B_1.png	1
KJRPUI2LHL_1.png	1
KJTDCX2KG9_1.png	1
KJTL6HSW9C_1.png	1
KJU8G0MYCK_1.png	1
KK70PL3L2E_1.png	1
KK97BFWDMB_1.png	1
KKEUGKRE2L_1.png	1
KKL96T8VRF_1.png	1
KKSTJGL42E_1.png	1
KKV1B7MBPT_1.png	1
KKVPGVCMTO_1.png	1
KKYIBTHTQP_1.png	1
KL0VBXXZAO_1.png	1
KL2G3X1W5Q_1.png	1
KLBNF9HAQ0_1.png	1
KLENQD3D66_1.png	1
KLIQ5CQU3P_1.png	1
KLM6ZK2D57_1.png	1
KLRATWVW0R_1.png	1
KLSYEM1273_1.png	1
KM6KY9JEIF_1.png	1
KM9IROE0KL_1.png	1
KMBY0KGWBH_1.png	1
KMG6J0063W_1.png	1
KMLVWIFXK4_1.png	1
KMQ822SIWU_1.png	1
KMRN3YHGE9_1.png	1
KN3QZDGCT2_1.png	1
KN3WTVUPVS_1.png	1
KN48ID5MCH_1.png	1
KN5WLHU5CL_1.png	1
KNEID7973R_1.png	1
KNFFRFXCKR_1.png	1
KNHRDFTONP_1.png	1
KNMIRFBZ3Z_1.png	1
KNOB7VN29C_1.png	1
KNOYYM4P4N_1.png	1
KNPST4LM2V_1.png	1
KNS1SOO19J_1.png	1
KNU1LA5QC2_1.png	1
KNV679UG96_1.png	1
KNVFI1GJ8Z_1.png	1
KNZG5B3Q8S_1.png	1
KO1AJNM9VN_1.png	1
KO1QF58CZ4_1.png	1
KOG3BIBDYD_1.png	1
KOIRWLWNZP_1.png	1
KOKEGOTZM9_1.png	1
KONY9IZI8N_1.png	1
KOOKP7AN4P_1.png	1
KOXK9KBN3I_1.png	1
KPA93GFXXQ_1.png	1
KPK5V5ULX7_1.png	1
KPKSWJZ469_1.png	1
KPKY2036E1_1.png	1
KPW3JJ91N6_1.png	1
KPW8Q2ACJV_1.png	1
KPX3JQA85U_1.png	1
KQALYYIFTH_1.png	1
KQER0KLQPK_1.png	1
KQNZLCTN4P_1.png	1
KQPNND1IUE_1.png	1
KQU7L5SZEV_1.png	1
KQUTTDHBWG_1.png	1
KQYN6QU0GG_1.png	1
KQZ9UTLLEU_1.png	1
KR83V8GVXX_1.png	1
KRCO2E8WOB_1.png	1
KRFNW2CKD9_1.png	1
KRIF7WY92V_1.png	1
KRKNI8Z1PW_1.png	1
KRXV0NUE5T_1.png	1
KRZ4Y8JMFP_1.png	1
KS49BZLEXF_1.png	1
KSC744HUPY_1.png	1
KSIH8CMNSV_1.png	1
KSLGAKFCHP_1.png	1
KSOBG23DG5_1.png	1
KSQ5YXNP23_1.png	1
KSRNU5T4TH_1.png	1
KSW7KUO3QJ_1.png	1
KSY9M4TLAM_1.png	1
KT82SEJB04_1.png	1
KTBDR4HP81_1.png	1
KTQCS2026A_1.png	1
KTRN77PDJA_1.png	1
KTZXRRI9DF_1.png	1
KU4U8EH6RC_1.png	1
KUBSNKEKRB_1.png	1
KUHVV78NT8_1.png	1
KUMEGXGOOZ_1.png	1
KUN6Y1G41B_1.png	1
KUS1L8UZBU_1.png	1
KUYC18VQ9H_1.png	1
KUZQRW4Q2Y_1.png	1
KVEDY8WUDU_1.png	1
KVGMJA9GBU_1.png	1
KVH49QZ7XO_1.png	1
KVPA4WJH6K_1.png	1
KVS1WVXXT3_1.png	1
KVU6PC9YLL_1.png	1
KVVP2E5D0D_1.png	1
KVXLZ0IRBK_1.png	1
KW04U4BQPN_1.png	1
KW1TLHEXGY_1.png	1
KW2F7PJHRI_1.png	1
KW2INH84FF_1.png	1
KW7NBQMBK3_1.png	1
KW8HM1N4GB_1.png	1
KW8TO376CT_1.png	1
KWH7U1Q4AC_1.png	1
KWJFOZ5XC4_1.png	1
KWSZ1C4HLU_1.png	1
KX48ECIGTR_1.png	1
KX88EV8JQD_1.png	1
KXGPEFBUH9_1.png	1
KXN56L0012_1.png	1
KXVUO0C9FB_1.png	1
KXVUO0C9FB_2.png	1
KXYO3K6C7E_1.png	1
KY0EKITPEK_1.png	1
KY0YC1WO8N_1.png	1
KY29OWFB4I_1.png	1
KY2OPZ3ATR_1.png	1
KY5ZNMN6IX_1.png	1
KYCWZVNK33_1.png	1
KYD36I7RT1_1.png	1
KYGTFGEQLD_1.png	1
KYZ1KDURTB_1.png	1
KZ35Y4R6KR_1.png	1
KZ6FLG1N5G_1.png	1
KZ7LA5URUD_1.png	1
KZBOOGUBMR_1.png	1
KZCO0TQH9E_1.png	1
KZGE0OXGDH_1.png	1
L02H64P3MJ_1.png	1
L07SMW07SD_1.png	1
L0D39366IH_1.png	1
L0DSY1E9ZS_1.png	1
L0H3272NZI_1.png	1
L0NKPHNCL7_1.png	1
L0NS4LD9OZ_1.png	1
L124L1D4F9_1.png	1
L1AG3F7HC5_1.png	1
L1M31YVJIX_1.png	1
L1O1QT6J3G_1.png	1
L1OO76JH9W_1.png	1
L1W8ROIS9A_1.png	1
L21ADEBCD0_1.png	1
L22MUUUN54_1.png	1
L2DA69I1OZ_1.png	1
L2IVIAMNUA_1.png	1
L2K54ZPLTL_1.png	1
L2SQ7MEUI1_1.png	1
L2W0UPZBF2_1.png	1
L2XFRTMPPE_1.png	1
L39SDBB8WF_1.png	1
L3BRYK9WSK_1.png	1
L3HVLCW6DT_1.png	1
L3IF7EMFKR_1.png	1
L3N9SZSBDP_1.png	1
L3STSE4CI9_1.png	1
L3YZE8KRCT_1.png	1
L4DR1HVC0O_1.png	1
L4EOSLAYHV_1.png	1
L4FJCRZWCN_1.png	1
L4HNT99JB6_1.png	1
L4W23KQAET_1.png	1
L4XD4N9G4Q_1.png	1
L5162YHS3T_1.png	1
L53GIR8OVY_1.png	1
L5BQW9Q9DF_1.png	1
L5KFI6CD6E_1.png	1
L5SIKA13OE_1.png	1
L5TWYMWNET_1.png	1
L5Y67EWUR3_1.png	1
L636TGDZ5E_1.png	1
L66SHBF42H_1.png	1
L6BQCFYKAQ_1.png	1
L6I08Q847S_1.png	1
L6OEWRMMU7_1.png	1
L6RO5ZUF30_1.png	1
L7HM5S056N_1.png	1
L7I99KMPJN_1.png	1
L7IEXXLFW7_1.png	1
L7OKVCMS5L_1.png	1
L7WZT9PPDH_1.png	1
L7XB60BCSZ_1.png	1
L7XH7A6YJG_1.png	1
L829YU1XMX_1.png	1
L85N7CUB35_1.png	1
L868X65N18_1.png	1
L89J3UDP8Q_1.png	1
L8AKM42A8Y_1.png	1
L8AV244HP4_1.png	1
L8C5M365DJ_1.png	1
L8D9FLGU7J_1.png	1
L8F593GQ5K_1.png	1
L8GTZNDQJ6_1.png	1
L8L3UTRD86_1.png	1
L8MI92JPXA_1.png	1
L8WKIELMW6_1.png	1
L8Z8VTTFEY_1.png	1
L97BW3UEQ5_1.png	1
L9CK5OW090_1.png	1
L9NBUGQGEI_1.png	1
L9OOHNSJ56_1.png	1
L9VR1WP3TI_1.png	1
LA6XZSUBJN_1.png	1
LABXU5588H_1.png	1
LAEEEXL0SY_1.png	1
LAEQ1697WK_1.png	1
LALAPQO6ML_1.png	1
LAPFBMOJ0V_1.png	1
LARHEKJLQX_1.png	1
LASTRVKNOO_1.png	1
LATL1EUAGJ_1.png	1
LAY9SS0PB2_1.png	1
LB262YY4QQ_1.png	1
LB8ERQSUUP_1.png	1
LBAT7VPXIM_1.png	1
LBEMTAM2AK_1.png	1
LBHV2I295P_1.png	1
LBLZFF8SMM_1.png	1
LBT7UIFI6V_1.png	1
LBUGV97AS2_1.png	1
LBXVIEXTTZ_1.png	1
LCGS4J8S0R_1.png	1
LCMGHVPMN3_1.png	1
LD7OM4VOJE_1.png	1
LD8G6DY6UQ_1.png	1
LDA36EV3UU_1.png	1
LDFKTGTIVZ_1.png	1
LDIEJ6ZKT3_1.png	1
LDKFHAYQMI_1.png	1
LDLLAJJZTJ_1.png	1
LDOFARIJMF_1.png	1
LDSTQWCHXY_1.png	1
LE0662DBBJ_1.png	1
LE48ZDP0IW_1.png	1
LECMMG66RE_1.png	1
LECVUY7E85_1.png	1
LEGV2897EV_1.png	1
LEM2HT0O14_1.png	1
LEPJC4522O_1.png	1
LESOBNANKA_1.png	1
LEUBFGPBSE_1.png	1
LEUM5BHUDD_1.png	1
LEWSGO3ZN1_1.png	1
LEZ7KM3L4F_1.png	1
LF5K3XOYLY_1.png	1
LF8W97UNQI_1.png	1
LFBMQRHQVQ_1.png	1
LFHJIG2ZKC_1.png	1
LFNLTLS4LW_1.png	1
LFRJIBG35U_1.png	1
LFV23IXKVL_1.png	1
LFYLN75EJC_1.png	1
LGJCAP7MIW_1.png	1
58892_1.png	0
58893_1.png	0
58894_1.png	0
58895_1.png	0
58896_1.png	0
58897_1.png	0
58898_1.png	0
58899_1.png	0
58900_1.png	0
58901_1.png	0
58902_1.png	0
58903_1.png	0
58904_1.png	0
58905_1.png	0
58906_1.png	0
58907_1.png	0
58908_1.png	0
58909_1.png	0
58910_1.png	0
58911_1.png	0
58912_1.png	0
58913_1.png	0
58915_1.png	0
58916_1.png	0
58917_1.png	0
58918_1.png	0
58919_1.png	0
58920_1.png	0
58921_1.png	0
58922_1.png	0
58923_1.png	0
58924_1.png	0
58925_1.png	0
58926_1.png	0
58927_1.png	0
58929_1.png	0
58930_1.png	0
58931_1.png	0
58932_1.png	0
58933_1.png	0
58935_1.png	0
58936_1.png	0
58937_1.png	0
58938_1.png	0
58939_1.png	0
58940_1.png	0
58941_1.png	0
58942_1.png	0
58943_1.png	0
58944_1.png	0
58946_1.png	0
58947_1.png	0
58949_1.png	0
58950_1.png	0
58951_1.png	0
58952_1.png	0
58954_1.png	0
58957_1.png	0
58958_1.png	0
58959_1.png	0
58960_1.png	0
58961_1.png	0
58963_1.png	0
58964_1.png	0
58965_1.png	0
58966_1.png	0
58967_1.png	0
58968_1.png	0
58969_1.png	0
58970_1.png	0
58971_1.png	0
58972_1.png	0
58973_1.png	0
58974_1.png	0
58975_1.png	0
58976_1.png	0
58978_1.png	0
58979_1.png	0
58980_1.png	0
58981_1.png	0
58982_1.png	0
58983_1.png	0
58984_1.png	0
58985_1.png	0
58986_1.png	0
58987_1.png	0
58989_1.png	0
58990_1.png	0
58991_1.png	0
58992_1.png	0
58993_1.png	0
58994_1.png	0
58995_1.png	0
58997_1.png	0
58998_1.png	0
58999_1.png	0
59600_1.png	0
59601_1.png	0
59602_1.png	0
59603_1.png	0
59604_1.png	0
59605_1.png	0
59606_1.png	0
59607_1.png	0
59608_1.png	0
59609_1.png	0
59610_1.png	0
59611_1.png	0
59612_1.png	0
59614_1.png	0
59615_1.png	0
59616_1.png	0
59617_1.png	0
59618_1.png	0
59619_1.png	0
59620_1.png	0
59622_1.png	0
59623_1.png	0
59624_1.png	0
59625_1.png	0
59626_1.png	0
59627_1.png	0
59629_1.png	0
59630_1.png	0
59631_1.png	0
59632_1.png	0
59633_1.png	0
59635_1.png	0
59636_1.png	0
59637_1.png	0
59638_1.png	0
59639_1.png	0
59640_1.png	0
59641_1.png	0
59642_1.png	0
59643_1.png	0
59644_1.png	0
59645_1.png	0
59647_1.png	0
59648_1.png	0
59649_1.png	0
59650_1.png	0
59651_1.png	0
59652_1.png	0
59653_1.png	0
59654_1.png	0
59655_1.png	0
59656_1.png	0
59657_1.png	0
59658_1.png	0
59659_1.png	0
59660_1.png	0
59661_1.png	0
59664_1.png	0
59665_1.png	0
59666_1.png	0
59667_1.png	0
59668_1.png	0
59669_1.png	0
59670_1.png	0
59671_1.png	0
59672_1.png	0
59673_1.png	0
59674_1.png	0
59675_1.png	0
59676_1.png	0
59677_1.png	0
59678_1.png	0
59679_1.png	0
59682_1.png	0
59683_1.png	0
59684_1.png	0
59685_1.png	0
59686_1.png	0
59687_1.png	0
59688_1.png	0
59689_1.png	0
59690_1.png	0
59691_1.png	0
59692_1.png	0
59693_1.png	0
59694_1.png	0
59695_1.png	0
59696_1.png	0
59697_1.png	0
59698_1.png	0
59699_1.png	0
59700_1.png	0
59701_1.png	0
59702_1.png	0
59703_1.png	0
59705_1.png	0
59706_1.png	0
59707_1.png	0
59708_1.png	0
59709_1.png	0
59710_1.png	0
59712_1.png	0
59713_1.png	0
59714_1.png	0
59715_1.png	0
59716_1.png	0
59717_1.png	0
59718_1.png	0
59719_1.png	0
59720_1.png	0
59721_1.png	0
59722_1.png	0
59723_1.png	0
59724_1.png	0
59725_1.png	0
59726_1.png	0
59727_1.png	0
59728_1.png	0
59729_1.png	0
59730_1.png	0
59731_1.png	0
59732_1.png	0
59734_1.png	0
59735_1.png	0
59736_1.png	0
59737_1.png	0
59738_1.png	0
59740_1.png	0
59741_1.png	0
59742_1.png	0
59743_1.png	0
59744_1.png	0
59746_1.png	0
59747_1.png	0
59748_1.png	0
59749_1.png	0
59750_1.png	0
59751_1.png	0
59752_1.png	0
59753_1.png	0
59754_1.png	0
59755_1.png	0
59756_1.png	0
59757_1.png	0
59758_1.png	0
59759_1.png	0
59760_1.png	0
59761_1.png	0
59762_1.png	0
59763_1.png	0
59764_1.png	0
59765_1.png	0
59766_1.png	0
59767_1.png	0
59768_1.png	0
59769_1.png	0
59770_1.png	0
59771_1.png	0
59772_1.png	0
59773_1.png	0
59774_1.png	0
59775_1.png	0
59776_1.png	0
59777_1.png	0
59778_1.png	0
59779_1.png	0
59780_1.png	0
59781_1.png	0
59782_1.png	0
59783_1.png	0
59784_1.png	0
59785_1.png	0
59786_1.png	0
59787_1.png	0
59788_1.png	0
59789_1.png	0
59790_1.png	0
59791_1.png	0
59792_1.png	0
59793_1.png	0
59794_1.png	0
59795_1.png	0
59796_1.png	0
59798_1.png	0
59799_1.png	0
59800_1.png	0
59801_1.png	0
59802_1.png	0
59803_1.png	0
59804_1.png	0
59805_1.png	0
59807_1.png	0
59808_1.png	0
59809_1.png	0
59810_1.png	0
59811_1.png	0
59812_1.png	0
59813_1.png	0
59814_1.png	0
59815_1.png	0
59816_1.png	0
59817_1.png	0
59819_1.png	0
59820_1.png	0
59821_1.png	0
59822_1.png	0
59823_1.png	0
59824_1.png	0
59825_1.png	0
59827_1.png	0
59828_1.png	0
59829_1.png	0
59831_1.png	0
59832_1.png	0
59833_1.png	0
59834_1.png	0
59835_1.png	0
59836_1.png	0
59837_1.png	0
59839_1.png	0
59840_1.png	0
59841_1.png	0
59842_1.png	0
59843_1.png	0
59844_1.png	0
59845_1.png	0
59846_1.png	0
59847_1.png	0
59848_1.png	0
59850_1.png	0
59851_1.png	0
59852_1.png	0
59853_1.png	0
59854_1.png	0
59855_1.png	0
59856_1.png	0
59857_1.png	0
59858_1.png	0
59859_1.png	0
59860_1.png	0
59861_1.png	0
59862_1.png	0
59863_1.png	0
59864_1.png	0
59866_1.png	0
59868_1.png	0
59869_1.png	0
59870_1.png	0
59871_1.png	0
59873_1.png	0
59874_1.png	0
59875_1.png	0
59876_1.png	0
59877_1.png	0
59878_1.png	0
59879_1.png	0
59880_1.png	0
59881_1.png	0
59882_1.png	0
59883_1.png	0
59885_1.png	0
59886_1.png	0
59887_1.png	0
59888_1.png	0
59889_1.png	0
59890_1.png	0
59891_1.png	0
59892_1.png	0
59893_1.png	0
59894_1.png	0
59895_1.png	0
59896_1.png	0
59897_1.png	0
59898_1.png	0
59899_1.png	0
59900_1.png	0
59901_1.png	0
59902_1.png	0
59905_1.png	0
59906_1.png	0
59907_1.png	0
59908_1.png	0
59910_1.png	0
59912_1.png	0
59913_1.png	0
59914_1.png	0
59915_1.png	0
59917_1.png	0
59918_1.png	0
59919_1.png	0
59920_1.png	0
59921_1.png	0
59922_1.png	0
59923_1.png	0
59925_1.png	0
59926_1.png	0
59927_1.png	0
59928_1.png	0
59929_1.png	0
59930_1.png	0
59931_1.png	0
59932_1.png	0
59933_1.png	0
59934_1.png	0
59935_1.png	0
59936_1.png	0
59937_1.png	0
59938_1.png	0
59939_1.png	0
59940_1.png	0
59941_1.png	0
59942_1.png	0
59944_1.png	0
59945_1.png	0
59946_1.png	0
59947_1.png	0
59948_1.png	0
59949_1.png	0
59950_1.png	0
59951_1.png	0
59952_1.png	0
59953_1.png	0
59954_1.png	0
59955_1.png	0
59956_1.png	0
59957_1.png	0
59958_1.png	0
59959_1.png	0
59961_1.png	0
59962_1.png	0
59963_1.png	0
59964_1.png	0
59965_1.png	0
59966_1.png	0
59967_1.png	0
59968_1.png	0
59970_1.png	0
59971_1.png	0
59973_1.png	0
59975_1.png	0
59977_1.png	0
59978_1.png	0
59979_1.png	0
59980_1.png	0
59981_1.png	0
59982_1.png	0
59983_1.png	0
59984_1.png	0
59985_1.png	0
59987_1.png	0
59988_1.png	0
59990_1.png	0
59991_1.png	0
59992_1.png	0
59994_1.png	0
59996_1.png	0
59997_1.png	0
59998_1.png	0
59999_1.png	0
60800_1.png	0
60801_1.png	0
60802_1.png	0
60803_1.png	0
60805_1.png	0
60806_1.png	0
60807_1.png	0
60808_1.png	0
60810_1.png	0
60811_1.png	0
60812_1.png	0
60813_1.png	0
60814_1.png	0
60815_1.png	0
60816_1.png	0
60817_1.png	0
60819_1.png	0
60820_1.png	0
60821_1.png	0
60822_1.png	0
60823_1.png	0
60825_1.png	0
60826_1.png	0
60827_1.png	0
60828_1.png	0
60829_1.png	0
60831_1.png	0
60832_1.png	0
60833_1.png	0
60834_1.png	0
60835_1.png	0
60836_1.png	0
60837_1.png	0
60838_1.png	0
60839_1.png	0
60840_1.png	0
60841_1.png	0
60842_1.png	0
60843_1.png	0
60846_1.png	0
60847_1.png	0
60848_1.png	0
60849_1.png	0
60850_1.png	0
60851_1.png	0
60852_1.png	0
60854_1.png	0
60855_1.png	0
60856_1.png	0
60858_1.png	0
60859_1.png	0
60860_1.png	0
60862_1.png	0
60863_1.png	0
60864_1.png	0
60865_1.png	0
60866_1.png	0
60867_1.png	0
60868_1.png	0
60869_1.png	0
60870_1.png	0
60871_1.png	0
60872_1.png	0
60873_1.png	0
60875_1.png	0
60877_1.png	0
60878_1.png	0
60879_1.png	0
60880_1.png	0
60883_1.png	0
60884_1.png	0
60885_1.png	0
60886_1.png	0
60888_1.png	0
60888_2.png	0
60889_1.png	0
60890_1.png	0
60891_1.png	0
60892_1.png	0
60894_1.png	0
60895_1.png	0
60897_1.png	0
60898_1.png	0
60899_1.png	0
60900_1.png	0
60901_1.png	0
60902_1.png	0
60903_1.png	0
60904_1.png	0
60905_1.png	0
60906_1.png	0
60907_1.png	0
60908_1.png	0
60910_1.png	0
60911_1.png	0
60912_1.png	0
60913_1.png	0
60914_1.png	0
60915_1.png	0
60916_1.png	0
60917_1.png	0
60919_1.png	0
60920_1.png	0
60921_1.png	0
60922_1.png	0
60923_1.png	0
60924_1.png	0
60926_1.png	0
60927_1.png	0
60928_1.png	0
60929_1.png	0
60930_1.png	0
60931_1.png	0
60932_1.png	0
60933_1.png	0
60934_1.png	0
60935_1.png	0
60936_1.png	0
60937_1.png	0
60938_1.png	0
60939_1.png	0
60940_1.png	0
60941_1.png	0
60942_1.png	0
60943_1.png	0
60944_1.png	0
60945_1.png	0
60946_1.png	0
60947_1.png	0
60948_1.png	0
60949_1.png	0
60949_2.png	0
60950_1.png	0
60951_1.png	0
60952_1.png	0
60953_1.png	0
60954_1.png	0
60955_1.png	0
60956_1.png	0
60957_1.png	0
60958_1.png	0
60959_1.png	0
60960_1.png	0
60961_1.png	0
60962_1.png	0
60963_1.png	0
60964_1.png	0
60965_1.png	0
60966_1.png	0
60967_1.png	0
60968_1.png	0
60969_1.png	0
60970_1.png	0
60971_1.png	0
60972_1.png	0
60973_1.png	0
60974_1.png	0
60975_1.png	0
60976_1.png	0
60978_1.png	0
60979_1.png	0
60980_1.png	0
60981_1.png	0
60982_1.png	0
60983_1.png	0
60984_1.png	0
60985_1.png	0
60986_1.png	0
60987_1.png	0
60988_1.png	0
60990_1.png	0
60991_1.png	0
60994_1.png	0
60995_1.png	0
60996_1.png	0
60997_1.png	0
60998_1.png	0
60999_1.png	0
61618_1.png	0
61800_1.png	0
61801_1.png	0
61802_1.png	0
61803_1.png	0
61805_1.png	0
61806_1.png	0
61807_1.png	0
61808_1.png	0
61809_1.png	0
61810_1.png	0
61811_1.png	0
61812_1.png	0
61813_1.png	0
61814_1.png	0
61815_1.png	0
61816_1.png	0
61817_1.png	0
61818_1.png	0
61819_1.png	0
61820_1.png	0
61821_1.png	0
61822_1.png	0
61823_1.png	0
61824_1.png	0
61825_1.png	0
61826_1.png	0
61827_1.png	0
61828_1.png	0
61829_1.png	0
61830_1.png	0
61831_1.png	0
61832_1.png	0
61833_1.png	0
61834_1.png	0
61835_1.png	0
61836_1.png	0
61837_1.png	0
61838_1.png	0
61839_1.png	0
61840_1.png	0
61841_1.png	0
61842_1.png	0
61843_1.png	0
61844_1.png	0
61845_1.png	0
61846_1.png	0
61847_1.png	0
61848_1.png	0
61849_1.png	0
61850_1.png	0
61851_1.png	0
61852_1.png	0
61853_1.png	0
61854_1.png	0
61855_1.png	0
61857_1.png	0
61858_1.png	0
61859_1.png	0
61860_1.png	0
61861_1.png	0
61862_1.png	0
61863_1.png	0
61864_1.png	0
61865_1.png	0
61866_1.png	0
61867_1.png	0
61868_1.png	0
61869_1.png	0
61870_1.png	0
61872_1.png	0
61873_1.png	0
61874_1.png	0
61875_1.png	0
61876_1.png	0
61877_1.png	0
61878_1.png	0
61879_1.png	0
61880_1.png	0
61881_1.png	0
61883_1.png	0
61884_1.png	0
61885_1.png	0
61886_1.png	0
61887_1.png	0
61888_1.png	0
61889_1.png	0
61890_1.png	0
61891_1.png	0
61891_2.png	0
61892_1.png	0
61893_1.png	0
61894_1.png	0
61895_1.png	0
61896_1.png	0
61897_1.png	0
61899_1.png	0
61900_1.png	0
61901_1.png	0
61902_1.png	0
61904_1.png	0
61905_1.png	0
61906_1.png	0
61907_1.png	0
61908_1.png	0
61909_1.png	0
61910_1.png	0
61911_1.png	0
61912_1.png	0
61913_1.png	0
61915_1.png	0
61916_1.png	0
61917_1.png	0
61918_1.png	0
61919_1.png	0
61920_1.png	0
61921_1.png	0
61922_1.png	0
61923_1.png	0
61924_1.png	0
61925_1.png	0
61926_1.png	0
61927_1.png	0
61928_1.png	0
61929_1.png	0
61930_1.png	0
61931_1.png	0
61932_1.png	0
61933_1.png	0
61934_1.png	0
61935_1.png	0
61936_1.png	0
61937_1.png	0
61938_1.png	0
61939_1.png	0
61940_1.png	0
61941_1.png	0
61943_1.png	0
61944_1.png	0
61945_1.png	0
61946_1.png	0
61947_1.png	0
61948_1.png	0
61949_1.png	0
61951_1.png	0
61952_1.png	0
61954_1.png	0
61955_1.png	0
61956_1.png	0
61957_1.png	0
61958_1.png	0
61959_1.png	0
61960_1.png	0
61961_1.png	0
61962_1.png	0
61963_1.png	0
61964_1.png	0
61965_1.png	0
61966_1.png	0
61967_1.png	0
61968_1.png	0
61969_1.png	0
61970_1.png	0
61971_1.png	0
61972_1.png	0
61973_1.png	0
61974_1.png	0
61975_1.png	0
61976_1.png	0
61977_1.png	0
61978_1.png	0
61979_1.png	0
61980_1.png	0
61981_1.png	0
61983_1.png	0
61984_1.png	0
61985_1.png	0
61986_1.png	0
61987_1.png	0
61988_1.png	0
61989_1.png	0
61990_1.png	0
61991_1.png	0
61992_1.png	0
61993_1.png	0
61994_1.png	0
61995_1.png	0
61996_1.png	0
61997_1.png	0
61998_1.png	0
61999_1.png	0
62600_1.png	0
62601_1.png	0
62602_1.png	0
62604_1.png	0
62605_1.png	0
62606_1.png	0
62607_1.png	0
62608_1.png	0
62609_1.png	0
62610_1.png	0
62611_1.png	0
62612_1.png	0
62613_1.png	0
62614_1.png	0
62615_1.png	0
62616_1.png	0
62617_1.png	0
62618_1.png	0
62619_1.png	0
62620_1.png	0
62621_1.png	0
62622_1.png	0
62623_1.png	0
62624_1.png	0
62625_1.png	0
62626_1.png	0
62627_1.png	0
62628_1.png	0
62629_1.png	0
62630_1.png	0
62631_1.png	0
62632_1.png	0
62633_1.png	0
62634_1.png	0
62635_1.png	0
62636_1.png	0
62637_1.png	0
62638_1.png	0
62639_1.png	0
62640_1.png	0
62641_1.png	0
62642_1.png	0
62643_1.png	0
62644_1.png	0
62645_1.png	0
62646_1.png	0
62647_1.png	0
62648_1.png	0
62649_1.png	0
62650_1.png	0
62651_1.png	0
62652_1.png	0
62653_1.png	0
62654_1.png	0
62655_1.png	0
62656_1.png	0
62657_1.png	0
62658_1.png	0
62659_1.png	0
62660_1.png	0
62661_1.png	0
62662_1.png	0
62663_1.png	0
62664_1.png	0
62665_1.png	0
62668_1.png	0
62669_1.png	0
62671_1.png	0
62672_1.png	0
62673_1.png	0
62674_1.png	0
62675_1.png	0
62676_1.png	0
62677_1.png	0
62678_1.png	0
62679_1.png	0
62680_1.png	0
62681_1.png	0
62682_1.png	0
62683_1.png	0
62684_1.png	0
62685_1.png	0
62686_1.png	0
62688_1.png	0
62689_1.png	0
62690_1.png	0
62691_1.png	0
62692_1.png	0
62693_1.png	0
62694_1.png	0
62695_1.png	0
62697_1.png	0
62698_1.png	0
62699_1.png	0
62700_1.png	0
62701_1.png	0
62702_1.png	0
62703_1.png	0
62705_1.png	0
62706_1.png	0
62707_1.png	0
62708_1.png	0
62709_1.png	0
62710_1.png	0
62711_1.png	0
62712_1.png	0
62713_1.png	0
62714_1.png	0
62715_1.png	0
62717_1.png	0
62718_1.png	0
62720_1.png	0
62721_1.png	0
62722_1.png	0
62723_1.png	0
62724_1.png	0
62725_1.png	0
62726_1.png	0
62727_1.png	0
62728_1.png	0
62730_1.png	0
62731_1.png	0
62733_1.png	0
62734_1.png	0
62735_1.png	0
62736_1.png	0
62737_1.png	0
62738_1.png	0
62739_1.png	0
62740_1.png	0
62741_1.png	0
62742_1.png	0
62743_1.png	0
62744_1.png	0
62745_1.png	0
62746_1.png	0
62748_1.png	0
62749_1.png	0
62750_1.png	0
62751_1.png	0
62752_1.png	0
62753_1.png	0
62754_1.png	0
62755_1.png	0
62756_1.png	0
62758_1.png	0
62759_1.png	0
62760_1.png	0
62761_1.png	0
62762_1.png	0
62763_1.png	0
62764_1.png	0
62765_1.png	0
62766_1.png	0
62768_1.png	0
62769_1.png	0
62770_1.png	0
62771_1.png	0
62772_1.png	0
62773_1.png	0
62774_1.png	0
62775_1.png	0
62776_1.png	0
62777_1.png	0
62778_1.png	0
62779_1.png	0
62780_1.png	0
62781_1.png	0
62782_1.png	0
62783_1.png	0
62784_1.png	0
62785_1.png	0
62786_1.png	0
62787_1.png	0
62788_1.png	0
62789_1.png	0
